<?xml version="1.0" encoding="utf-8" ?>
<tincan xmlns:xsi="http://www.w3.org/2001/XMLSchema-instance" xmlns:xsd="http://www.w3.org/2001/XMLSchema" xmlns="http://projecttincan.com/tincan.xsd">
  <activities>
    <activity id="http://hFLLmR8Yn2RdE4SccTq8O6u3feAHDeyM_rise" type="http://adlnet.gov/expapi/activities/course">
      <name lang="en-US">Food Manager Training 2.2 - Minified - 03</name>
      <description lang="en-US">&lt;p style=&#34;text-align: justify&#34;&gt;&lt;strong&gt;Purpose of Food Manager Training&lt;/strong&gt;&lt;p style=&#34;text-align: justify&#34;&gt;The Food Manager Training program provides the knowledge and skills to ensure food safety and protect public health in food service environments. By the end of this course, learners will be able to:&lt;strong&gt;&lt;br class=&#34;break-when-trailing&#34;&gt;Understand Food Safety Principles&lt;/strong&gt;&lt;ul&gt;&lt;li&gt;Recognize the importance of food safety for both public health and business success.&lt;/li&gt;&lt;li&gt;Identify and manage time and temperature control for safety (TCS) foods by storing, cooking, cooling, and holding them at safe temperatures.&lt;/li&gt;&lt;li&gt;Control time and temperature to prevent bacterial growth.&lt;/li&gt;&lt;li&gt;Detect and respond to biological, chemical, and physical contamination risks.&lt;/li&gt;&lt;/ul&gt;&lt;strong&gt;Manage Staff and Operations&lt;/strong&gt;&lt;ul&gt;&lt;li&gt;Ensure staff compliance with hygiene standards and illness reporting protocols.&lt;/li&gt;&lt;li&gt;Manage the safe flow of food from receiving to serving, including self-service and off-site scenarios.&lt;/li&gt;&lt;li&gt;Apply effective cleaning, sanitizing, and facility maintenance practices.&lt;/li&gt;&lt;/ul&gt;&lt;strong&gt;Implement Systems and Procedures&lt;/strong&gt;&lt;ul&gt;&lt;li&gt;Implement a Food Safety Management System (FSMS) using HACCP principles to monitor and control food safety risks.&lt;/li&gt;&lt;li&gt;Manage receiving, storage, and inventory using FIFO and the A.L.E.R.T. framework.&lt;/li&gt;&lt;li&gt;Prevent pest contamination and maintain accurate documentation.&lt;/li&gt;&lt;li&gt;Utilize food safety tools such as thermometers, logs, and traceability systems to support safe operations.&lt;/li&gt;&lt;/ul&gt;</description>
      <launch lang="en-US">scormdriver/indexAPI.html</launch>
    </activity>
      <activity id="http://hFLLmR8Yn2RdE4SccTq8O6u3feAHDeyM_rise/P2s9CvfRx8b2RnPMLEsDnZ4qSg_MNmjl" type="http://adlnet.gov/expapi/activities/module">
      <name lang="en-US">Course Instructions/blocks</name>
      <description lang="en-US"></description>
    </activity>
          <activity id="http://hFLLmR8Yn2RdE4SccTq8O6u3feAHDeyM_rise/Jlc3Z82ic5g8DwfAnrxTFx61EqhzgTFb" type="http://adlnet.gov/expapi/activities/module">
      <name lang="en-US">Introduction &amp; Why Food Safety Matters/blocks</name>
      <description lang="en-US"></description>
    </activity>
          <activity id="http://hFLLmR8Yn2RdE4SccTq8O6u3feAHDeyM_rise/bgcRFj67_7Z5khXZiRarLKwaWKoPY2k8" type="http://adlnet.gov/expapi/activities/module">
      <name lang="en-US">Summary /blocks</name>
      <description lang="en-US"></description>
    </activity>
          <activity id="http://hFLLmR8Yn2RdE4SccTq8O6u3feAHDeyM_rise/AdUpJub2hQO582ZZvM7hirkjjxVic6cZ" type="http://adlnet.gov/expapi/activities/module">
      <name lang="en-US">Quiz/quiz</name>
      <description lang="en-US">&lt;p style=&#34;text-align: left&#34;&gt;This quiz is designed to assess your understanding of food safety practices. It will include multiple-choice questions covering key concepts that you have learned during this course. By completing this quiz, you can apply what you’ve learned about keeping food safe and protecting public health.&lt;p style=&#34;text-align: left&#34;&gt;&lt;strong&gt;Note:&lt;/strong&gt; You have a total of 3 attempts to score 80% or higher your best score will be recorded. You will not need to retake the course until 3 attempts are used up.</description>
    </activity>
                                  
<activity id="http://hFLLmR8Yn2RdE4SccTq8O6u3feAHDeyM_rise/AdUpJub2hQO582ZZvM7hirkjjxVic6cZ/cmf24qy9c00ow357gi19pgn8c" type="http://adlnet.gov/expapi/activities/cmi.interaction">
  <name lang="en-US">A customer becomes ill after eating chicken cooked to only 150°F. Which step in the flow of food was mishandled?</name>
  <description lang="en-US"></description>
  <interactionType>choice</interactionType>
  <correctResponsePatterns>
    <correctResponsePattern>choice_f8e19be9-5392-4149-8283-7eb0356b0b5d</correctResponsePattern>
    </correctResponsePatterns>
    <choices>
    <component>
    <id>choice_f8e19be9-5392-4149-8283-7eb0356b0b5d</id>
    <description lang="en-US">Cooking</description>
  </component>
    <component>
    <id>choice_cf064d40-aaa7-4792-9d53-ab1a1c581f32</id>
    <description lang="en-US">Receiving</description>
  </component>
    <component>
    <id>choice_9d1abf87-9599-4acc-8a09-e1274afda303</id>
    <description lang="en-US">Storage</description>
  </component>
    <component>
    <id>choice_cmfdzlvhq000435bv7tk32wo4</id>
    <description lang="en-US">Serving</description>
  </component>
    </choices>
  </activity>
                              
<activity id="http://hFLLmR8Yn2RdE4SccTq8O6u3feAHDeyM_rise/AdUpJub2hQO582ZZvM7hirkjjxVic6cZ/cmf24qy9c00oz357g795zohsb" type="http://adlnet.gov/expapi/activities/cmi.interaction">
  <name lang="en-US">Which practice best prevents cross-contact of allergens?</name>
  <description lang="en-US"></description>
  <interactionType>choice</interactionType>
  <correctResponsePatterns>
    <correctResponsePattern>choice_bf1e9da4-9c2b-46fb-b73b-f0d05261028e</correctResponsePattern>
    </correctResponsePatterns>
    <choices>
    <component>
    <id>choice_41423e28-6248-46f1-a51e-2bfe11fd1807</id>
    <description lang="en-US">Storing nuts and flour in the same bin</description>
  </component>
    <component>
    <id>choice_bf1e9da4-9c2b-46fb-b73b-f0d05261028e</id>
    <description lang="en-US">Using separate utensils for allergen-free foods</description>
  </component>
    <component>
    <id>choice_e776e5a0-70ba-4614-966b-2dee4fd68434</id>
    <description lang="en-US">Washing knives at the end of the day only</description>
  </component>
    <component>
    <id>choice_e8ea57e1-6440-46fa-8f9a-3babc42f4b08</id>
    <description lang="en-US">Serving foods based on appearance</description>
  </component>
    </choices>
  </activity>
                              
<activity id="http://hFLLmR8Yn2RdE4SccTq8O6u3feAHDeyM_rise/AdUpJub2hQO582ZZvM7hirkjjxVic6cZ/cml7xyx8n00kc357gys65zzl6" type="http://adlnet.gov/expapi/activities/cmi.interaction">
  <name lang="en-US">Pest droppings are found near dry storage. Which record is most important to review first?</name>
  <description lang="en-US"></description>
  <interactionType>choice</interactionType>
  <correctResponsePatterns>
    <correctResponsePattern>choice_cmfoosygx002135bw5lfy6yuo</correctResponsePattern>
    </correctResponsePatterns>
    <choices>
    <component>
    <id>choice_cmfoosyga001z35bwdk9of17t</id>
    <description lang="en-US">Employee illness logs</description>
  </component>
    <component>
    <id>choice_cmfoosyga002035bwhydcm3fl</id>
    <description lang="en-US">Temperature logs</description>
  </component>
    <component>
    <id>choice_cmfoosygx002135bw5lfy6yuo</id>
    <description lang="en-US">&amp;nbsp;Pest control logs</description>
  </component>
    <component>
    <id>choice_cmfootpm3002335bwu20su3i1</id>
    <description lang="en-US">Supplier delivery logs</description>
  </component>
    </choices>
  </activity>
                              
<activity id="http://hFLLmR8Yn2RdE4SccTq8O6u3feAHDeyM_rise/AdUpJub2hQO582ZZvM7hirkjjxVic6cZ/cmfoovws8002835bwc55c2jtn" type="http://adlnet.gov/expapi/activities/cmi.interaction">
  <name lang="en-US">Why is FIFO (First In, First Out) important in food storage?</name>
  <description lang="en-US"></description>
  <interactionType>choice</interactionType>
  <correctResponsePatterns>
    <correctResponsePattern>choice_cmfoovws8002a35bwxeb35uob</correctResponsePattern>
    </correctResponsePatterns>
    <choices>
    <component>
    <id>choice_cmfoovws8002935bwa4dtv8ey</id>
    <description lang="en-US">It prevents overcrowding in coolers</description>
  </component>
    <component>
    <id>choice_cmfoovws8002a35bwxeb35uob</id>
    <description lang="en-US">It ensures older food is used before newer deliveries</description>
  </component>
    <component>
    <id>choice_cmfoovwtd002b35bwodw12zz1</id>
    <description lang="en-US">It guarantees suppliers rotate stock</description>
  </component>
    <component>
    <id>choice_cmfooword002d35bw8ieqa58e</id>
    <description lang="en-US">It eliminates the need for labeling</description>
  </component>
    </choices>
  </activity>
                    </activities>
</tincan>
